{
  "anchors": {
    "head": {
      "vertex": 40851,
      "pos": [
        0.004376798868179321,
        0.4171641170978546,
        0.03491660952568054
      ],
      "parent": "neck"
    },
    "neck": {
      "vertex": 42782,
      "pos": [
        -0.024355199187994003,
        0.2818782329559326,
        -0.023019663989543915
      ],
      "parent": "chest"
    },
    "chest": {
      "vertex": 28883,
      "pos": [
        -0.0008087226306088269,
        0.13926547765731812,
        0.039910394698381424
      ],
      "parent": "spine"
    },
    "spine": {
      "vertex": 28955,
      "pos": [
        0.00815123226493597,
        0.02486903965473175,
        0.047292619943618774
      ],
      "parent": "pelvis"
    },
    "pelvis": {
      "vertex": 47848,
      "pos": [
        1.8828854081220925e-05,
        -0.09896059334278107,
        -0.0212455652654171
      ],
      "parent": null
    },
    "l_shoulder": {
      "vertex": 27214,
      "pos": [
        -0.3711271286010742,
        0.1939372420310974,
        -0.03937404602766037
      ],
      "parent": "chest"
    },
    "l_elbow": {
      "vertex": 27238,
      "pos": [
        -0.3516404330730438,
        0.20179793238639832,
        -0.031118614599108696
      ],
      "parent": "l_shoulder"
    },
    "l_wrist": {
      "vertex": 25360,
      "pos": [
        -0.4278550446033478,
        0.198190838098526,
        -0.0367838591337204
      ],
      "parent": "l_elbow"
    },
    "r_shoulder": {
      "vertex": 58947,
      "pos": [
        0.4095790684223175,
        0.19320198893547058,
        -0.03467082604765892
      ],
      "parent": "chest"
    },
    "r_elbow": {
      "vertex": 57174,
      "pos": [
        0.35191643238067627,
        0.1944713145494461,
        -0.03498087823390961
      ],
      "parent": "r_shoulder"
    },
    "r_wrist": {
      "vertex": 59230,
      "pos": [
        0.4250248670578003,
        0.198275625705719,
        -0.03663966804742813
      ],
      "parent": "r_elbow"
    },
    "l_hip": {
      "vertex": 37274,
      "pos": [
        -0.09381507337093353,
        -0.09765546023845673,
        -0.0420675054192543
      ],
      "parent": "pelvis"
    },
    "l_knee": {
      "vertex": 46699,
      "pos": [
        -0.018924392759799957,
        -0.2742786407470703,
        -0.04778529703617096
      ],
      "parent": "l_hip"
    },
    "l_ankle": {
      "vertex": 34752,
      "pos": [
        -0.09352268278598785,
        -0.4372484087944031,
        -0.03549408167600632
      ],
      "parent": "l_knee"
    },
    "l_foot": {
      "vertex": 34246,
      "pos": [
        -0.08484256267547607,
        -0.49897298216819763,
        0.00814145803451538
      ],
      "parent": "l_ankle"
    },
    "r_hip": {
      "vertex": 55431,
      "pos": [
        0.09435168653726578,
        -0.09805712848901749,
        -0.0375165119767189
      ],
      "parent": "pelvis"
    },
    "r_knee": {
      "vertex": 55209,
      "pos": [
        0.10223999619483948,
        -0.26853805780410767,
        -0.047769851982593536
      ],
      "parent": "r_hip"
    },
    "r_ankle": {
      "vertex": 54848,
      "pos": [
        0.09356264770030975,
        -0.4371824264526367,
        -0.03441595286130905
      ],
      "parent": "r_knee"
    },
    "r_foot": {
      "vertex": 53104,
      "pos": [
        0.08110085874795914,
        -0.49897176027297974,
        0.008738294243812561
      ],
      "parent": "r_ankle"
    }
  },
  "mesh_bounds": {
    "min": [
      -0.5005529522895813,
      -0.5009373426437378,
      -0.13170969486236572
    ],
    "max": [
      0.5007525682449341,
      0.5004346370697021,
      0.1323220282793045
    ],
    "height": 1.00137197971344,
    "center_x": 9.98079776763916e-05
  }
}